{
    "os": "Windows-10-10.0.19045-SP0",
    "python": "3.9.20",
    "heartbeatAt": "2024-10-03T12:21:17.276249",
    "startedAt": "2024-10-03T12:21:16.122305",
    "docker": null,
    "cuda": null,
    "args": [
        "--amp"
    ],
    "state": "running",
    "program": "C:\\Users\\OZKAN\\Desktop\\Pytorch-UNet-master\\Pytorch-UNet-master\\train.py",
    "codePath": "train.py",
    "host": "DESKTOP-0OU00Q3",
    "username": "OZKAN",
    "executable": "C:\\Users\\OZKAN\\anaconda3\\envs\\pt_musa\\python.exe",
    "cpu_count": 8,
    "cpu_count_logical": 16,
    "cpu_freq": {
        "current": 2904.0,
        "min": 0.0,
        "max": 2904.0
    },
    "cpu_freq_per_core": [
        {
            "current": 2904.0,
            "min": 0.0,
            "max": 2904.0
        }
    ],
    "disk": {
        "total": 476.32553482055664,
        "used": 258.2023048400879
    },
    "gpu": "NVIDIA GeForce GTX 1070 Ti",
    "gpu_count": 1,
    "gpu_devices": [
        {
            "name": "NVIDIA GeForce GTX 1070 Ti",
            "memory_total": 8589934592
        }
    ],
    "memory": {
        "total": 15.932022094726562
    }
}
